{"cameraMode":{"drawMode":0,"name":"Shaded","section":"Shading Mode"},"sceneLighting":true,"audioPlay":false,"sceneViewState":{"showFog":true,"showMaterialUpdate":false,"showSkybox":true,"showFlares":true,"showImageEffects":true,"showParticleSystems":true},"in2DMode":false,"pivot":{"x":4.918703079223633,"y":5.080929756164551,"z":0.4923229217529297},"rotation":{"x":0.07986847311258316,"y":0.8601920008659363,"z":-0.1421835571527481,"w":0.4831920862197876},"size":25.254352569580079,"orthographic":false}